,Outlier,comment_count,down_votes,post_id,reputation,score,up_votes,user_id,view_count,views
67,reputation,0,187,31655571,28969,0,2452,429427,13,1139
77,reputation,2,29,33334096,8508,0,46,4396258,19,157
126,reputation,0,16,37544056,30425,1,644,274,20,1883
127,reputation,0,16,35012155,30425,0,644,274,18,1883
141,reputation,0,94,37257134,108446,1,917,6068,18,10355
142,reputation,0,94,36912191,108446,0,917,6068,19,10355
143,reputation,0,94,33842576,108446,0,917,6068,6,10355
144,reputation,0,94,37093383,108446,1,917,6068,11,10355
145,reputation,0,94,37330755,108446,0,917,6068,10,10355
146,reputation,0,94,36953621,108446,0,917,6068,11,10355
147,reputation,0,94,29285164,108446,1,917,6068,17,10355
239,reputation,0,812,37410831,36172,0,1732,699224,16,3732
240,reputation,1,1,33078084,41249,1,5464,1006010,12,2506
241,reputation,0,55,30850819,8700,0,794,56672,15,1172
247,reputation,1,10,31927569,25851,0,117,32484,19,3048
254,reputation,0,28,37594513,10738,2,698,911930,16,2483
255,reputation,2,28,31112735,10738,0,698,911930,20,2483
256,reputation,0,28,31874655,10738,0,698,911930,16,2483
257,reputation,0,28,31672052,10738,0,698,911930,16,2483
258,reputation,1,28,37612206,10738,0,698,911930,18,2483
259,reputation,0,28,37751754,10738,0,698,911930,4,2483
260,reputation,1,28,32587718,10738,0,698,911930,16,2483
261,reputation,0,28,35319247,10738,1,698,911930,19,2483
262,reputation,0,28,35772062,10738,0,698,911930,18,2483
263,reputation,0,28,37752896,10738,1,698,911930,10,2483
264,reputation,0,28,32033132,10738,0,698,911930,18,2483
265,reputation,0,28,34228412,10738,0,698,911930,19,2483
275,reputation,3,483,27375605,24592,0,1560,21061,19,2309
276,reputation,0,483,35343186,24592,2,1560,21061,17,2309
277,reputation,2,483,37149731,24592,0,1560,21061,13,2309
303,reputation,0,2440,35725444,17023,0,3114,1084416,10,4195
305,reputation,0,51,36869680,7778,0,438,11755,20,2214
306,reputation,0,51,35864852,7778,-1,438,11755,18,2214
307,reputation,2,51,34769995,7778,0,438,11755,14,2214
308,reputation,1,51,35486262,7778,-1,438,11755,15,2214
309,reputation,0,51,18732925,7778,0,438,11755,14,2214
310,reputation,0,51,37701416,7778,0,438,11755,18,2214
311,reputation,1,51,24308175,7778,0,438,11755,20,2214
312,reputation,0,51,37304406,7778,0,438,11755,10,2214
313,reputation,1,51,35379672,7778,0,438,11755,15,2214
314,reputation,0,51,37676475,7778,1,438,11755,14,2214
315,reputation,0,51,36576270,7778,0,438,11755,18,2214
316,reputation,1,51,37717428,7778,0,438,11755,16,2214
317,reputation,0,51,36411189,7778,0,438,11755,20,2214
318,reputation,0,51,32668104,7778,0,438,11755,13,2214
319,reputation,0,51,35853378,7778,1,438,11755,17,2214
320,reputation,3,51,37597066,7778,0,438,11755,16,2214
330,reputation,2,855,37137191,44166,0,2303,6241235,15,3943
331,reputation,1,855,36896267,44166,0,2303,6241235,17,3943
416,reputation,2,17,29264697,18397,0,577,84539,17,2225
452,reputation,0,36,28203036,10632,1,144,17440,12,662
454,reputation,0,759,26841113,17954,0,1354,3436942,19,2413
501,reputation,0,0,36680384,6742,0,287,532206,12,194
508,reputation,0,796,34719924,36800,0,1793,410636,16,3765
519,reputation,0,18,25159341,10363,0,1841,3189,17,672
533,reputation,10,80,33203660,7286,0,306,3042759,14,540
534,reputation,0,80,32971852,7286,-1,306,3042759,19,540
557,reputation,3,697,37589992,43870,1,1000,717214,11,3529
573,reputation,0,27,34436640,6974,0,167,120820,16,588
586,reputation,2,461,37642104,182476,4,3899,324584,18,26310
603,reputation,11,62,30335961,8707,1,356,404568,19,933
604,reputation,0,62,35212468,8707,0,356,404568,14,933
605,reputation,0,62,28997904,8707,0,356,404568,19,933
638,reputation,0,101,31383988,27681,0,1126,153422,12,2783
639,reputation,0,10,23250914,7052,0,69,1641422,20,584
649,reputation,0,29,35563832,7936,1,1068,28901,19,516
697,reputation,0,198,33542204,20587,0,1898,38522,13,2797
698,reputation,2,198,35154609,20587,0,1898,38522,18,2797
699,reputation,0,198,32889015,20587,0,1898,38522,7,2797
700,reputation,1,198,24763792,20587,0,1898,38522,19,2797
701,reputation,0,198,33732365,20587,0,1898,38522,13,2797
702,reputation,0,198,34335316,20587,0,1898,38522,18,2797
703,reputation,0,198,32850215,20587,0,1898,38522,17,2797
704,reputation,1,198,34162465,20587,1,1898,38522,19,2797
705,reputation,1,198,36920582,20587,0,1898,38522,14,2797
706,reputation,4,198,37055352,20587,2,1898,38522,20,2797
707,reputation,1,198,31301174,20587,-1,1898,38522,10,2797
708,reputation,0,198,32507199,20587,0,1898,38522,16,2797
709,reputation,2,198,31304513,20587,0,1898,38522,18,2797
710,reputation,0,198,36846139,20587,0,1898,38522,6,2797
711,reputation,2,198,32328862,20587,-1,1898,38522,18,2797
712,reputation,0,198,28127067,20587,0,1898,38522,12,2797
713,reputation,2,198,37729403,20587,0,1898,38522,15,2797
714,reputation,1,198,33018072,20587,-1,1898,38522,19,2797
715,reputation,0,198,31853183,20587,0,1898,38522,15,2797
718,reputation,0,45,28830708,14185,0,262,289666,13,910
760,reputation,2,266,29386926,11258,0,1886,2541,20,3766
773,reputation,0,38,31214704,10273,0,611,997112,16,1477
774,reputation,0,38,37229320,10273,0,611,997112,14,1477
775,reputation,1,38,33766510,10273,0,611,997112,18,1477
776,reputation,0,38,23717224,10273,1,611,997112,18,1477
777,reputation,6,38,37579834,10273,0,611,997112,15,1477
778,reputation,2,38,30823549,10273,0,611,997112,18,1477
779,reputation,0,38,33599188,10273,0,611,997112,16,1477
884,reputation,0,4,35106627,20009,1,57,275501,20,326
902,reputation,1,623,34573995,16675,0,787,1822164,20,2758
908,reputation,0,778,35155919,12553,2,920,789657,13,4323
937,reputation,0,49,33430762,7182,1,472,2613662,15,404
938,reputation,0,49,34338113,7182,0,472,2613662,11,404
950,reputation,0,982,33372277,45986,0,7664,13744,12,3214
974,reputation,4,1629,36012966,263224,0,1401,507674,18,21673
995,reputation,0,4,37723493,7668,0,284,2145647,4,376
1000,reputation,0,226,36594706,13447,0,1270,777733,19,795
1001,reputation,0,226,32904234,13447,0,1270,777733,10,795
1002,reputation,9,226,37746267,13447,0,1270,777733,20,795
1038,reputation,1,187,36572155,35053,1,483,191463,12,2370
1039,reputation,0,187,34476742,35053,0,483,191463,18,2370
1044,reputation,0,283,37746794,13423,0,1419,39643,10,1368
1045,reputation,0,283,37597279,13423,0,1419,39643,13,1368
1047,reputation,2,32,25503699,10582,0,2577,846476,17,743
1048,reputation,0,32,25253387,10582,0,2577,846476,19,743
1049,reputation,0,32,37118519,10582,0,2577,846476,8,743
1050,reputation,0,32,31809898,10582,0,2577,846476,11,743
1051,reputation,0,32,34819144,10582,0,2577,846476,12,743
1070,reputation,4,288,15047053,18947,0,3874,156755,16,5049
1074,reputation,0,707,35397328,68366,0,2485,102441,17,5776
1075,reputation,2,707,35566927,68366,0,2485,102441,13,5776
1076,reputation,0,707,35873641,68366,1,2485,102441,19,5776
1077,reputation,0,707,36923309,68366,0,2485,102441,14,5776
1085,reputation,0,10,8236516,10723,0,29,177511,20,746
1087,reputation,0,32,31974416,10549,0,236,1127699,19,1650
1111,reputation,0,272,30871945,52400,0,2547,16511,15,4683
1114,reputation,2,18,32074632,17783,1,1862,509706,19,1388
1125,reputation,1,97,25306834,26725,1,623,898289,12,1647
1150,reputation,2,11,22179082,16473,0,1262,683553,14,1586
1151,reputation,0,11,31927733,16473,0,1262,683553,12,1586
1152,reputation,3,11,32661087,16473,-1,1262,683553,19,1586
1153,reputation,0,11,37471953,16473,0,1262,683553,19,1586
1154,reputation,0,11,30404261,16473,0,1262,683553,15,1586
1235,reputation,0,19,34472733,7164,1,431,1596371,19,335
1236,reputation,0,19,36988426,7164,1,431,1596371,17,335
1241,reputation,0,571,37466249,41898,0,2195,37947,19,3435
1244,reputation,2,758,25726485,21370,0,829,978756,18,3847
1255,reputation,0,1440,13199838,88724,0,2323,14357,20,8090
1256,reputation,1,1440,33375247,88724,0,2323,14357,12,8090
1257,reputation,0,20,37213268,17320,0,3275,2120261,15,816
1258,reputation,0,20,23653190,17320,1,3275,2120261,20,816
1266,reputation,3,319,34888017,24812,0,1280,31667,10,2322
1267,reputation,0,319,36572706,24812,2,1280,31667,20,2322
1268,reputation,0,319,33771746,24812,1,1280,31667,10,2322
1270,reputation,0,573,30827959,14571,1,2446,15371,17,1260
1271,reputation,0,573,34655850,14571,0,2446,15371,19,1260
1272,reputation,0,573,33067682,14571,0,2446,15371,18,1260
1298,reputation,0,66,22075789,17545,0,637,47775,18,2526
1317,reputation,0,317,37252735,8016,0,4614,180430,15,948
1318,reputation,0,1,37659593,18125,0,626,31751,15,1047
1326,reputation,4,21,37764847,6940,0,1198,499699,9,615
1333,reputation,0,71,33632499,12492,0,494,178757,13,1220
1349,reputation,0,30,37393059,24342,0,2900,33051,15,3170
1357,reputation,0,664,31535822,77709,0,6365,370103,18,5029
1358,reputation,1,664,33038944,77709,0,6365,370103,15,5029
1374,reputation,0,1,36722974,20711,0,81,200609,17,916
1387,reputation,4,9,36383540,8830,0,369,26107,17,798
1390,reputation,0,345,31612292,24088,0,590,1153938,10,1344
1404,reputation,0,46,37379076,9346,0,1683,276193,17,749
1420,reputation,0,28,31291218,18934,0,2052,15825,19,1265
1434,reputation,0,273,37114988,76835,0,2898,5133585,16,4531
1435,reputation,0,273,37769743,76835,0,2898,5133585,3,4531
1436,reputation,0,273,37358523,76835,1,2898,5133585,20,4531
1437,reputation,0,273,36967604,76835,1,2898,5133585,20,4531
1438,reputation,0,273,35251997,76835,0,2898,5133585,18,4531
1439,reputation,0,273,33181901,76835,0,2898,5133585,16,4531
1440,reputation,0,273,37266602,76835,0,2898,5133585,12,4531
1441,reputation,1,273,35827330,76835,1,2898,5133585,16,4531
1442,reputation,0,273,37083918,76835,1,2898,5133585,13,4531
1449,reputation,0,21,36114490,12306,0,142,48886,19,1239
1471,reputation,0,16,24939395,10656,0,2412,141022,19,991
1472,reputation,0,16,35887536,10656,0,2412,141022,15,991
1485,reputation,0,50,36176739,20619,0,969,436028,20,2733
1486,reputation,0,50,36691114,20619,1,969,436028,19,2733
1495,reputation,2,6,36131376,22418,0,401,478144,18,2916
1496,reputation,7,6,33922987,22418,0,401,478144,20,2916
1497,reputation,0,6,36845567,22418,0,401,478144,14,2916
1500,reputation,0,11,33688028,7196,0,2555,1000,14,2168
1544,reputation,0,21,31593206,12643,0,696,180416,19,607
1547,reputation,0,46,36445618,39628,1,1494,11898,17,2328
1548,reputation,0,46,26648659,39628,1,1494,11898,16,2328
1555,reputation,0,277,37261378,13736,1,1961,3536236,18,2198
1556,reputation,5,277,35486603,13736,1,1961,3536236,13,2198
1557,reputation,0,277,35875750,13736,0,1961,3536236,17,2198
1568,reputation,1,18,34121531,8173,0,59,1320129,18,1296
1569,reputation,4,18,23539106,8173,0,59,1320129,18,1296
1570,reputation,2,18,29328060,8173,0,59,1320129,19,1296
1571,reputation,0,18,33296677,8173,0,59,1320129,19,1296
1572,reputation,2,18,36668213,8173,0,59,1320129,19,1296
1573,reputation,0,18,34696194,8173,1,59,1320129,17,1296
1574,reputation,0,18,37298722,8173,0,59,1320129,17,1296
1575,reputation,0,18,37316193,8173,0,59,1320129,17,1296
126,views,0,16,37544056,30425,1,644,274,20,1883
127,views,0,16,35012155,30425,0,644,274,18,1883
141,views,0,94,37257134,108446,1,917,6068,18,10355
142,views,0,94,36912191,108446,0,917,6068,19,10355
143,views,0,94,33842576,108446,0,917,6068,6,10355
144,views,0,94,37093383,108446,1,917,6068,11,10355
145,views,0,94,37330755,108446,0,917,6068,10,10355
146,views,0,94,36953621,108446,0,917,6068,11,10355
147,views,0,94,29285164,108446,1,917,6068,17,10355
160,views,4,13,37622851,6116,0,1995,2287576,18,1551
161,views,3,13,36179316,6116,0,1995,2287576,13,1551
162,views,3,13,37163849,6116,0,1995,2287576,20,1551
163,views,2,13,37461297,6116,0,1995,2287576,20,1551
164,views,0,13,35135816,6116,0,1995,2287576,20,1551
165,views,2,13,36287093,6116,0,1995,2287576,17,1551
166,views,4,13,36086537,6116,0,1995,2287576,19,1551
167,views,2,13,37634638,6116,0,1995,2287576,9,1551
168,views,1,13,35058972,6116,0,1995,2287576,19,1551
169,views,3,13,36061045,6116,0,1995,2287576,19,1551
170,views,0,13,36320031,6116,0,1995,2287576,20,1551
171,views,1,13,37114640,6116,2,1995,2287576,18,1551
172,views,0,13,37120096,6116,0,1995,2287576,11,1551
173,views,0,13,36130680,6116,0,1995,2287576,15,1551
175,views,0,543,36342868,4631,0,575,3160466,19,7805
239,views,0,812,37410831,36172,0,1732,699224,16,3732
240,views,1,1,33078084,41249,1,5464,1006010,12,2506
247,views,1,10,31927569,25851,0,117,32484,19,3048
254,views,0,28,37594513,10738,2,698,911930,16,2483
255,views,2,28,31112735,10738,0,698,911930,20,2483
256,views,0,28,31874655,10738,0,698,911930,16,2483
257,views,0,28,31672052,10738,0,698,911930,16,2483
258,views,1,28,37612206,10738,0,698,911930,18,2483
259,views,0,28,37751754,10738,0,698,911930,4,2483
260,views,1,28,32587718,10738,0,698,911930,16,2483
261,views,0,28,35319247,10738,1,698,911930,19,2483
262,views,0,28,35772062,10738,0,698,911930,18,2483
263,views,0,28,37752896,10738,1,698,911930,10,2483
264,views,0,28,32033132,10738,0,698,911930,18,2483
265,views,0,28,34228412,10738,0,698,911930,19,2483
275,views,3,483,27375605,24592,0,1560,21061,19,2309
276,views,0,483,35343186,24592,2,1560,21061,17,2309
277,views,2,483,37149731,24592,0,1560,21061,13,2309
303,views,0,2440,35725444,17023,0,3114,1084416,10,4195
305,views,0,51,36869680,7778,0,438,11755,20,2214
306,views,0,51,35864852,7778,-1,438,11755,18,2214
307,views,2,51,34769995,7778,0,438,11755,14,2214
308,views,1,51,35486262,7778,-1,438,11755,15,2214
309,views,0,51,18732925,7778,0,438,11755,14,2214
310,views,0,51,37701416,7778,0,438,11755,18,2214
311,views,1,51,24308175,7778,0,438,11755,20,2214
312,views,0,51,37304406,7778,0,438,11755,10,2214
313,views,1,51,35379672,7778,0,438,11755,15,2214
314,views,0,51,37676475,7778,1,438,11755,14,2214
315,views,0,51,36576270,7778,0,438,11755,18,2214
316,views,1,51,37717428,7778,0,438,11755,16,2214
317,views,0,51,36411189,7778,0,438,11755,20,2214
318,views,0,51,32668104,7778,0,438,11755,13,2214
319,views,0,51,35853378,7778,1,438,11755,17,2214
320,views,3,51,37597066,7778,0,438,11755,16,2214
328,views,4,4010,37591016,4642,0,300,3270037,15,1516
329,views,2,4010,37311632,4642,0,300,3270037,19,1516
330,views,2,855,37137191,44166,0,2303,6241235,15,3943
331,views,1,855,36896267,44166,0,2303,6241235,17,3943
416,views,2,17,29264697,18397,0,577,84539,17,2225
454,views,0,759,26841113,17954,0,1354,3436942,19,2413
508,views,0,796,34719924,36800,0,1793,410636,16,3765
557,views,3,697,37589992,43870,1,1000,717214,11,3529
586,views,2,461,37642104,182476,4,3899,324584,18,26310
638,views,0,101,31383988,27681,0,1126,153422,12,2783
697,views,0,198,33542204,20587,0,1898,38522,13,2797
698,views,2,198,35154609,20587,0,1898,38522,18,2797
699,views,0,198,32889015,20587,0,1898,38522,7,2797
700,views,1,198,24763792,20587,0,1898,38522,19,2797
701,views,0,198,33732365,20587,0,1898,38522,13,2797
702,views,0,198,34335316,20587,0,1898,38522,18,2797
703,views,0,198,32850215,20587,0,1898,38522,17,2797
704,views,1,198,34162465,20587,1,1898,38522,19,2797
705,views,1,198,36920582,20587,0,1898,38522,14,2797
706,views,4,198,37055352,20587,2,1898,38522,20,2797
707,views,1,198,31301174,20587,-1,1898,38522,10,2797
708,views,0,198,32507199,20587,0,1898,38522,16,2797
709,views,2,198,31304513,20587,0,1898,38522,18,2797
710,views,0,198,36846139,20587,0,1898,38522,6,2797
711,views,2,198,32328862,20587,-1,1898,38522,18,2797
712,views,0,198,28127067,20587,0,1898,38522,12,2797
713,views,2,198,37729403,20587,0,1898,38522,15,2797
714,views,1,198,33018072,20587,-1,1898,38522,19,2797
715,views,0,198,31853183,20587,0,1898,38522,15,2797
734,views,3,62,33274895,2216,0,451,1668069,16,1426
735,views,0,62,34878976,2216,0,451,1668069,13,1426
736,views,0,62,35310502,2216,0,451,1668069,7,1426
737,views,2,62,21912547,2216,0,451,1668069,18,1426
738,views,3,62,33955274,2216,0,451,1668069,16,1426
739,views,1,62,37438348,2216,0,451,1668069,13,1426
740,views,6,62,24572919,2216,0,451,1668069,16,1426
741,views,2,62,34061639,2216,1,451,1668069,16,1426
742,views,0,62,35911670,2216,0,451,1668069,17,1426
743,views,0,62,36329740,2216,0,451,1668069,15,1426
744,views,0,62,37748222,2216,0,451,1668069,11,1426
745,views,1,62,34649959,2216,0,451,1668069,15,1426
746,views,1,62,32888629,2216,1,451,1668069,14,1426
747,views,0,62,37070013,2216,1,451,1668069,20,1426
748,views,1,62,34292302,2216,0,451,1668069,16,1426
749,views,1,62,36544530,2216,0,451,1668069,17,1426
760,views,2,266,29386926,11258,0,1886,2541,20,3766
773,views,0,38,31214704,10273,0,611,997112,16,1477
774,views,0,38,37229320,10273,0,611,997112,14,1477
775,views,1,38,33766510,10273,0,611,997112,18,1477
776,views,0,38,23717224,10273,1,611,997112,18,1477
777,views,6,38,37579834,10273,0,611,997112,15,1477
778,views,2,38,30823549,10273,0,611,997112,18,1477
779,views,0,38,33599188,10273,0,611,997112,16,1477
902,views,1,623,34573995,16675,0,787,1822164,20,2758
908,views,0,778,35155919,12553,2,920,789657,13,4323
943,views,2,20,36966678,1506,0,1121,1255427,12,27995
944,views,1,20,35337489,1506,0,1121,1255427,17,27995
945,views,0,25,36869970,4008,1,1889,1037617,19,1796
946,views,0,25,36911594,4008,0,1889,1037617,16,1796
947,views,2,25,31983790,4008,0,1889,1037617,18,1796
948,views,0,25,31158007,4008,0,1889,1037617,19,1796
949,views,0,25,36772256,4008,0,1889,1037617,16,1796
950,views,0,982,33372277,45986,0,7664,13744,12,3214
974,views,4,1629,36012966,263224,0,1401,507674,18,21673
1033,views,0,47,34989087,2879,0,250,450456,19,3529
1034,views,0,47,4142174,2879,0,250,450456,15,3529
1038,views,1,187,36572155,35053,1,483,191463,12,2370
1039,views,0,187,34476742,35053,0,483,191463,18,2370
1044,views,0,283,37746794,13423,0,1419,39643,10,1368
1045,views,0,283,37597279,13423,0,1419,39643,13,1368
1070,views,4,288,15047053,18947,0,3874,156755,16,5049
1074,views,0,707,35397328,68366,0,2485,102441,17,5776
1075,views,2,707,35566927,68366,0,2485,102441,13,5776
1076,views,0,707,35873641,68366,1,2485,102441,19,5776
1077,views,0,707,36923309,68366,0,2485,102441,14,5776
1087,views,0,32,31974416,10549,0,236,1127699,19,1650
1111,views,0,272,30871945,52400,0,2547,16511,15,4683
1114,views,2,18,32074632,17783,1,1862,509706,19,1388
1125,views,1,97,25306834,26725,1,623,898289,12,1647
1150,views,2,11,22179082,16473,0,1262,683553,14,1586
1151,views,0,11,31927733,16473,0,1262,683553,12,1586
1152,views,3,11,32661087,16473,-1,1262,683553,19,1586
1153,views,0,11,37471953,16473,0,1262,683553,19,1586
1154,views,0,11,30404261,16473,0,1262,683553,15,1586
1226,views,0,107,36970705,4754,-1,739,3310334,17,1256
1241,views,0,571,37466249,41898,0,2195,37947,19,3435
1244,views,2,758,25726485,21370,0,829,978756,18,3847
1255,views,0,1440,13199838,88724,0,2323,14357,20,8090
1256,views,1,1440,33375247,88724,0,2323,14357,12,8090
1266,views,3,319,34888017,24812,0,1280,31667,10,2322
1267,views,0,319,36572706,24812,2,1280,31667,20,2322
1268,views,0,319,33771746,24812,1,1280,31667,10,2322
1270,views,0,573,30827959,14571,1,2446,15371,17,1260
1271,views,0,573,34655850,14571,0,2446,15371,19,1260
1272,views,0,573,33067682,14571,0,2446,15371,18,1260
1298,views,0,66,22075789,17545,0,637,47775,18,2526
1349,views,0,30,37393059,24342,0,2900,33051,15,3170
1357,views,0,664,31535822,77709,0,6365,370103,18,5029
1358,views,1,664,33038944,77709,0,6365,370103,15,5029
1390,views,0,345,31612292,24088,0,590,1153938,10,1344
1420,views,0,28,31291218,18934,0,2052,15825,19,1265
1434,views,0,273,37114988,76835,0,2898,5133585,16,4531
1435,views,0,273,37769743,76835,0,2898,5133585,3,4531
1436,views,0,273,37358523,76835,1,2898,5133585,20,4531
1437,views,0,273,36967604,76835,1,2898,5133585,20,4531
1438,views,0,273,35251997,76835,0,2898,5133585,18,4531
1439,views,0,273,33181901,76835,0,2898,5133585,16,4531
1440,views,0,273,37266602,76835,0,2898,5133585,12,4531
1441,views,1,273,35827330,76835,1,2898,5133585,16,4531
1442,views,0,273,37083918,76835,1,2898,5133585,13,4531
1449,views,0,21,36114490,12306,0,142,48886,19,1239
1485,views,0,50,36176739,20619,0,969,436028,20,2733
1486,views,0,50,36691114,20619,1,969,436028,19,2733
1495,views,2,6,36131376,22418,0,401,478144,18,2916
1496,views,7,6,33922987,22418,0,401,478144,20,2916
1497,views,0,6,36845567,22418,0,401,478144,14,2916
1500,views,0,11,33688028,7196,0,2555,1000,14,2168
1547,views,0,46,36445618,39628,1,1494,11898,17,2328
1548,views,0,46,26648659,39628,1,1494,11898,16,2328
1555,views,0,277,37261378,13736,1,1961,3536236,18,2198
1556,views,5,277,35486603,13736,1,1961,3536236,13,2198
1557,views,0,277,35875750,13736,0,1961,3536236,17,2198
1568,views,1,18,34121531,8173,0,59,1320129,18,1296
1569,views,4,18,23539106,8173,0,59,1320129,18,1296
1570,views,2,18,29328060,8173,0,59,1320129,19,1296
1571,views,0,18,33296677,8173,0,59,1320129,19,1296
1572,views,2,18,36668213,8173,0,59,1320129,19,1296
1573,views,0,18,34696194,8173,1,59,1320129,17,1296
1574,views,0,18,37298722,8173,0,59,1320129,17,1296
1575,views,0,18,37316193,8173,0,59,1320129,17,1296
29,up_votes,0,29,36648652,4559,0,1094,1125402,8,361
67,up_votes,0,187,31655571,28969,0,2452,429427,13,1139
141,up_votes,0,94,37257134,108446,1,917,6068,18,10355
142,up_votes,0,94,36912191,108446,0,917,6068,19,10355
143,up_votes,0,94,33842576,108446,0,917,6068,6,10355
144,up_votes,0,94,37093383,108446,1,917,6068,11,10355
145,up_votes,0,94,37330755,108446,0,917,6068,10,10355
146,up_votes,0,94,36953621,108446,0,917,6068,11,10355
147,up_votes,0,94,29285164,108446,1,917,6068,17,10355
156,up_votes,0,1,34362594,1136,0,3579,1229237,14,152
157,up_votes,0,1,36724546,1136,0,3579,1229237,19,152
159,up_votes,0,31,28769205,2741,-2,5141,604687,16,1176
160,up_votes,4,13,37622851,6116,0,1995,2287576,18,1551
161,up_votes,3,13,36179316,6116,0,1995,2287576,13,1551
162,up_votes,3,13,37163849,6116,0,1995,2287576,20,1551
163,up_votes,2,13,37461297,6116,0,1995,2287576,20,1551
164,up_votes,0,13,35135816,6116,0,1995,2287576,20,1551
165,up_votes,2,13,36287093,6116,0,1995,2287576,17,1551
166,up_votes,4,13,36086537,6116,0,1995,2287576,19,1551
167,up_votes,2,13,37634638,6116,0,1995,2287576,9,1551
168,up_votes,1,13,35058972,6116,0,1995,2287576,19,1551
169,up_votes,3,13,36061045,6116,0,1995,2287576,19,1551
170,up_votes,0,13,36320031,6116,0,1995,2287576,20,1551
171,up_votes,1,13,37114640,6116,2,1995,2287576,18,1551
172,up_votes,0,13,37120096,6116,0,1995,2287576,11,1551
173,up_votes,0,13,36130680,6116,0,1995,2287576,15,1551
239,up_votes,0,812,37410831,36172,0,1732,699224,16,3732
240,up_votes,1,1,33078084,41249,1,5464,1006010,12,2506
271,up_votes,1,14,30461043,2526,0,1086,637609,15,522
272,up_votes,1,944,36766631,4133,0,925,325900,18,785
273,up_votes,1,944,34131406,4133,0,925,325900,14,785
275,up_votes,3,483,27375605,24592,0,1560,21061,19,2309
276,up_votes,0,483,35343186,24592,2,1560,21061,17,2309
277,up_votes,2,483,37149731,24592,0,1560,21061,13,2309
303,up_votes,0,2440,35725444,17023,0,3114,1084416,10,4195
330,up_votes,2,855,37137191,44166,0,2303,6241235,15,3943
331,up_votes,1,855,36896267,44166,0,2303,6241235,17,3943
338,up_votes,0,31,37211628,3577,2,1289,1517244,18,213
443,up_votes,0,89,34557621,4351,0,1067,1238867,6,405
454,up_votes,0,759,26841113,17954,0,1354,3436942,19,2413
485,up_votes,5,72,35300221,6170,0,1901,2038544,19,475
508,up_votes,0,796,34719924,36800,0,1793,410636,16,3765
517,up_votes,0,0,35494669,887,0,1280,3922262,19,95
518,up_votes,3,0,34751463,887,0,1280,3922262,14,95
519,up_votes,0,18,25159341,10363,0,1841,3189,17,672
520,up_votes,0,18,32352471,2647,1,1482,1033684,14,952
521,up_votes,0,18,36644725,2647,0,1482,1033684,19,952
522,up_votes,0,18,36621286,2647,0,1482,1033684,11,952
523,up_votes,2,18,15751131,2647,0,1482,1033684,17,952
524,up_votes,0,18,36041124,2647,0,1482,1033684,9,952
525,up_votes,3,18,35964032,2647,0,1482,1033684,13,952
526,up_votes,3,18,37645004,2647,1,1482,1033684,19,952
527,up_votes,0,18,37164742,2647,0,1482,1033684,8,952
552,up_votes,0,13,34118493,1655,0,1817,1499072,13,299
553,up_votes,0,13,35837533,1655,1,1817,1499072,9,299
554,up_votes,6,13,36560530,1655,0,1817,1499072,18,299
557,up_votes,3,697,37589992,43870,1,1000,717214,11,3529
581,up_votes,0,0,36340455,451,0,2090,381158,17,129
582,up_votes,1,0,36895839,451,0,2090,381158,16,129
586,up_votes,2,461,37642104,182476,4,3899,324584,18,26310
610,up_votes,0,65,28745824,5929,0,2798,93910,19,718
619,up_votes,6,55,20458662,3121,0,1562,2413722,19,280
638,up_votes,0,101,31383988,27681,0,1126,153422,12,2783
649,up_votes,0,29,35563832,7936,1,1068,28901,19,516
655,up_votes,7,43,33904826,4917,0,1742,400691,15,611
669,up_votes,3,18,34651536,2878,0,1467,1446086,20,203
670,up_votes,2,18,36407423,2878,0,1467,1446086,18,203
684,up_votes,0,138,31249324,1633,0,882,1252987,20,185
697,up_votes,0,198,33542204,20587,0,1898,38522,13,2797
698,up_votes,2,198,35154609,20587,0,1898,38522,18,2797
699,up_votes,0,198,32889015,20587,0,1898,38522,7,2797
700,up_votes,1,198,24763792,20587,0,1898,38522,19,2797
701,up_votes,0,198,33732365,20587,0,1898,38522,13,2797
702,up_votes,0,198,34335316,20587,0,1898,38522,18,2797
703,up_votes,0,198,32850215,20587,0,1898,38522,17,2797
704,up_votes,1,198,34162465,20587,1,1898,38522,19,2797
705,up_votes,1,198,36920582,20587,0,1898,38522,14,2797
706,up_votes,4,198,37055352,20587,2,1898,38522,20,2797
707,up_votes,1,198,31301174,20587,-1,1898,38522,10,2797
708,up_votes,0,198,32507199,20587,0,1898,38522,16,2797
709,up_votes,2,198,31304513,20587,0,1898,38522,18,2797
710,up_votes,0,198,36846139,20587,0,1898,38522,6,2797
711,up_votes,2,198,32328862,20587,-1,1898,38522,18,2797
712,up_votes,0,198,28127067,20587,0,1898,38522,12,2797
713,up_votes,2,198,37729403,20587,0,1898,38522,15,2797
714,up_votes,1,198,33018072,20587,-1,1898,38522,19,2797
715,up_votes,0,198,31853183,20587,0,1898,38522,15,2797
723,up_votes,0,24,37489765,3869,0,1370,2422230,13,250
724,up_votes,4,24,33656213,3869,0,1370,2422230,17,250
725,up_votes,0,24,37499499,3869,0,1370,2422230,18,250
760,up_votes,2,266,29386926,11258,0,1886,2541,20,3766
875,up_votes,0,96,32864875,6369,0,979,67316,17,374
892,up_votes,3,20,35086108,3811,0,1476,389828,19,374
908,up_votes,0,778,35155919,12553,2,920,789657,13,4323
943,up_votes,2,20,36966678,1506,0,1121,1255427,12,27995
944,up_votes,1,20,35337489,1506,0,1121,1255427,17,27995
945,up_votes,0,25,36869970,4008,1,1889,1037617,19,1796
946,up_votes,0,25,36911594,4008,0,1889,1037617,16,1796
947,up_votes,2,25,31983790,4008,0,1889,1037617,18,1796
948,up_votes,0,25,31158007,4008,0,1889,1037617,19,1796
949,up_votes,0,25,36772256,4008,0,1889,1037617,16,1796
950,up_votes,0,982,33372277,45986,0,7664,13744,12,3214
952,up_votes,10,2,37482402,1579,1,1081,1700106,16,178
974,up_votes,4,1629,36012966,263224,0,1401,507674,18,21673
1000,up_votes,0,226,36594706,13447,0,1270,777733,19,795
1001,up_votes,0,226,32904234,13447,0,1270,777733,10,795
1002,up_votes,9,226,37746267,13447,0,1270,777733,20,795
1029,up_votes,0,0,34271094,49,0,1910,1905469,18,59
1044,up_votes,0,283,37746794,13423,0,1419,39643,10,1368
1045,up_votes,0,283,37597279,13423,0,1419,39643,13,1368
1047,up_votes,2,32,25503699,10582,0,2577,846476,17,743
1048,up_votes,0,32,25253387,10582,0,2577,846476,19,743
1049,up_votes,0,32,37118519,10582,0,2577,846476,8,743
1050,up_votes,0,32,31809898,10582,0,2577,846476,11,743
1051,up_votes,0,32,34819144,10582,0,2577,846476,12,743
1070,up_votes,4,288,15047053,18947,0,3874,156755,16,5049
1074,up_votes,0,707,35397328,68366,0,2485,102441,17,5776
1075,up_votes,2,707,35566927,68366,0,2485,102441,13,5776
1076,up_votes,0,707,35873641,68366,1,2485,102441,19,5776
1077,up_votes,0,707,36923309,68366,0,2485,102441,14,5776
1105,up_votes,0,1012,36282540,5537,0,1199,4631427,20,1165
1111,up_votes,0,272,30871945,52400,0,2547,16511,15,4683
1114,up_votes,2,18,32074632,17783,1,1862,509706,19,1388
1137,up_votes,0,52,36471428,4881,0,1430,285190,10,456
1138,up_votes,0,52,35015334,4881,0,1430,285190,18,456
1139,up_votes,3,1,28411641,1928,0,1224,463978,20,164
1140,up_votes,0,6,35319307,2567,0,1179,408159,17,279
1150,up_votes,2,11,22179082,16473,0,1262,683553,14,1586
1151,up_votes,0,11,31927733,16473,0,1262,683553,12,1586
1152,up_votes,3,11,32661087,16473,-1,1262,683553,19,1586
1153,up_votes,0,11,37471953,16473,0,1262,683553,19,1586
1154,up_votes,0,11,30404261,16473,0,1262,683553,15,1586
1230,up_votes,0,13,22556820,715,0,996,2265151,14,441
1241,up_votes,0,571,37466249,41898,0,2195,37947,19,3435
1255,up_votes,0,1440,13199838,88724,0,2323,14357,20,8090
1256,up_votes,1,1440,33375247,88724,0,2323,14357,12,8090
1257,up_votes,0,20,37213268,17320,0,3275,2120261,15,816
1258,up_votes,0,20,23653190,17320,1,3275,2120261,20,816
1259,up_votes,0,2,33734524,2503,1,3826,5110870,18,547
1260,up_votes,4,2,36456818,2503,0,3826,5110870,18,547
1261,up_votes,0,2,33953882,2503,1,3826,5110870,19,547
1262,up_votes,1,2,36330642,2503,0,3826,5110870,20,547
1263,up_votes,1,2,33737027,2503,0,3826,5110870,14,547
1264,up_votes,1,2,37193340,2503,0,3826,5110870,18,547
1266,up_votes,3,319,34888017,24812,0,1280,31667,10,2322
1267,up_votes,0,319,36572706,24812,2,1280,31667,20,2322
1268,up_votes,0,319,33771746,24812,1,1280,31667,10,2322
1270,up_votes,0,573,30827959,14571,1,2446,15371,17,1260
1271,up_votes,0,573,34655850,14571,0,2446,15371,19,1260
1272,up_votes,0,573,33067682,14571,0,2446,15371,18,1260
1281,up_votes,0,4,33754832,2525,1,1170,199111,16,116
1312,up_votes,0,399,32392834,5195,1,1560,1636276,17,629
1313,up_votes,0,399,37031505,5195,0,1560,1636276,13,629
1317,up_votes,0,317,37252735,8016,0,4614,180430,15,948
1323,up_votes,1,141,31880901,4626,0,1095,5552,12,695
1324,up_votes,0,141,27185451,4626,0,1095,5552,11,695
1326,up_votes,4,21,37764847,6940,0,1198,499699,9,615
1349,up_votes,0,30,37393059,24342,0,2900,33051,15,3170
1357,up_votes,0,664,31535822,77709,0,6365,370103,18,5029
1358,up_votes,1,664,33038944,77709,0,6365,370103,15,5029
1392,up_votes,0,81,35601524,3469,0,1592,1124744,13,719
1393,up_votes,1,81,35243063,3469,0,1592,1124744,10,719
1394,up_votes,0,81,31167343,3469,0,1592,1124744,14,719
1404,up_votes,0,46,37379076,9346,0,1683,276193,17,749
1420,up_votes,0,28,31291218,18934,0,2052,15825,19,1265
1422,up_votes,1,105,30851022,3323,0,1162,287893,14,638
1423,up_votes,0,105,30854868,3323,0,1162,287893,18,638
1434,up_votes,0,273,37114988,76835,0,2898,5133585,16,4531
1435,up_votes,0,273,37769743,76835,0,2898,5133585,3,4531
1436,up_votes,0,273,37358523,76835,1,2898,5133585,20,4531
1437,up_votes,0,273,36967604,76835,1,2898,5133585,20,4531
1438,up_votes,0,273,35251997,76835,0,2898,5133585,18,4531
1439,up_votes,0,273,33181901,76835,0,2898,5133585,16,4531
1440,up_votes,0,273,37266602,76835,0,2898,5133585,12,4531
1441,up_votes,1,273,35827330,76835,1,2898,5133585,16,4531
1442,up_votes,0,273,37083918,76835,1,2898,5133585,13,4531
1471,up_votes,0,16,24939395,10656,0,2412,141022,19,991
1472,up_votes,0,16,35887536,10656,0,2412,141022,15,991
1485,up_votes,0,50,36176739,20619,0,969,436028,20,2733
1486,up_votes,0,50,36691114,20619,1,969,436028,19,2733
1500,up_votes,0,11,33688028,7196,0,2555,1000,14,2168
1547,up_votes,0,46,36445618,39628,1,1494,11898,17,2328
1548,up_votes,0,46,26648659,39628,1,1494,11898,16,2328
1555,up_votes,0,277,37261378,13736,1,1961,3536236,18,2198
1556,up_votes,5,277,35486603,13736,1,1961,3536236,13,2198
1557,up_votes,0,277,35875750,13736,0,1961,3536236,17,2198
15,down_votes,0,58,34963793,2290,0,218,3697264,18,820
16,down_votes,0,58,36624645,2290,0,218,3697264,13,820
17,down_votes,2,58,33799179,2290,0,218,3697264,18,820
18,down_votes,0,58,36007723,2290,0,218,3697264,18,820
19,down_votes,0,58,37633369,2290,0,218,3697264,18,820
20,down_votes,3,58,33786244,2290,0,218,3697264,20,820
21,down_votes,0,58,37011645,2290,0,218,3697264,20,820
22,down_votes,0,58,35841476,2290,1,218,3697264,17,820
23,down_votes,0,58,36641650,2290,0,218,3697264,10,820
24,down_votes,0,58,36448966,2290,0,218,3697264,10,820
25,down_votes,0,58,37321993,2290,0,218,3697264,20,820
26,down_votes,0,58,36196525,2290,0,218,3697264,20,820
35,down_votes,0,91,37721876,3625,0,228,2794702,6,560
36,down_votes,0,91,37698970,3625,0,228,2794702,15,560
37,down_votes,2,91,24998690,3625,0,228,2794702,16,560
58,down_votes,1,90,33589074,724,0,50,5457408,20,100
67,down_votes,0,187,31655571,28969,0,2452,429427,13,1139
71,down_votes,1,290,28070827,3335,1,370,3494639,19,290
128,down_votes,0,65,37212141,810,0,119,3012508,16,126
129,down_votes,0,65,37189843,810,1,119,3012508,18,126
141,down_votes,0,94,37257134,108446,1,917,6068,18,10355
142,down_votes,0,94,36912191,108446,0,917,6068,19,10355
143,down_votes,0,94,33842576,108446,0,917,6068,6,10355
144,down_votes,0,94,37093383,108446,1,917,6068,11,10355
145,down_votes,0,94,37330755,108446,0,917,6068,10,10355
146,down_votes,0,94,36953621,108446,0,917,6068,11,10355
147,down_votes,0,94,29285164,108446,1,917,6068,17,10355
175,down_votes,0,543,36342868,4631,0,575,3160466,19,7805
228,down_votes,0,48,37390645,2444,2,353,1847261,14,166
239,down_votes,0,812,37410831,36172,0,1732,699224,16,3732
241,down_votes,0,55,30850819,8700,0,794,56672,15,1172
272,down_votes,1,944,36766631,4133,0,925,325900,18,785
273,down_votes,1,944,34131406,4133,0,925,325900,14,785
275,down_votes,3,483,27375605,24592,0,1560,21061,19,2309
276,down_votes,0,483,35343186,24592,2,1560,21061,17,2309
277,down_votes,2,483,37149731,24592,0,1560,21061,13,2309
303,down_votes,0,2440,35725444,17023,0,3114,1084416,10,4195
305,down_votes,0,51,36869680,7778,0,438,11755,20,2214
306,down_votes,0,51,35864852,7778,-1,438,11755,18,2214
307,down_votes,2,51,34769995,7778,0,438,11755,14,2214
308,down_votes,1,51,35486262,7778,-1,438,11755,15,2214
309,down_votes,0,51,18732925,7778,0,438,11755,14,2214
310,down_votes,0,51,37701416,7778,0,438,11755,18,2214
311,down_votes,1,51,24308175,7778,0,438,11755,20,2214
312,down_votes,0,51,37304406,7778,0,438,11755,10,2214
313,down_votes,1,51,35379672,7778,0,438,11755,15,2214
314,down_votes,0,51,37676475,7778,1,438,11755,14,2214
315,down_votes,0,51,36576270,7778,0,438,11755,18,2214
316,down_votes,1,51,37717428,7778,0,438,11755,16,2214
317,down_votes,0,51,36411189,7778,0,438,11755,20,2214
318,down_votes,0,51,32668104,7778,0,438,11755,13,2214
319,down_votes,0,51,35853378,7778,1,438,11755,17,2214
320,down_votes,3,51,37597066,7778,0,438,11755,16,2214
328,down_votes,4,4010,37591016,4642,0,300,3270037,15,1516
329,down_votes,2,4010,37311632,4642,0,300,3270037,19,1516
330,down_votes,2,855,37137191,44166,0,2303,6241235,15,3943
331,down_votes,1,855,36896267,44166,0,2303,6241235,17,3943
424,down_votes,0,951,33758207,6246,-1,320,630780,15,605
425,down_votes,1,951,34682531,6246,0,320,630780,14,605
426,down_votes,0,951,37618192,6246,0,320,630780,19,605
427,down_votes,0,951,27017336,6246,0,320,630780,19,605
439,down_votes,0,148,35855776,3942,0,518,777510,15,399
440,down_votes,0,148,30875766,3942,0,518,777510,12,399
443,down_votes,0,89,34557621,4351,0,1067,1238867,6,405
454,down_votes,0,759,26841113,17954,0,1354,3436942,19,2413
485,down_votes,5,72,35300221,6170,0,1901,2038544,19,475
496,down_votes,1,549,35913125,4957,1,510,2283946,16,990
497,down_votes,0,549,34933952,4957,0,510,2283946,15,990
508,down_votes,0,796,34719924,36800,0,1793,410636,16,3765
533,down_votes,10,80,33203660,7286,0,306,3042759,14,540
534,down_votes,0,80,32971852,7286,-1,306,3042759,19,540
547,down_votes,0,70,35204863,1720,0,200,2762432,9,151
548,down_votes,3,70,37613295,1720,0,200,2762432,12,151
557,down_votes,3,697,37589992,43870,1,1000,717214,11,3529
564,down_votes,0,158,37206647,2838,0,298,2500842,11,600
565,down_votes,0,158,37305383,2838,0,298,2500842,17,600
586,down_votes,2,461,37642104,182476,4,3899,324584,18,26310
603,down_votes,11,62,30335961,8707,1,356,404568,19,933
604,down_votes,0,62,35212468,8707,0,356,404568,14,933
605,down_votes,0,62,28997904,8707,0,356,404568,19,933
610,down_votes,0,65,28745824,5929,0,2798,93910,19,718
619,down_votes,6,55,20458662,3121,0,1562,2413722,19,280
638,down_votes,0,101,31383988,27681,0,1126,153422,12,2783
667,down_votes,5,52,36064174,578,0,79,5922441,19,75
668,down_votes,1,52,36932033,578,0,79,5922441,13,75
684,down_votes,0,138,31249324,1633,0,882,1252987,20,185
697,down_votes,0,198,33542204,20587,0,1898,38522,13,2797
698,down_votes,2,198,35154609,20587,0,1898,38522,18,2797
699,down_votes,0,198,32889015,20587,0,1898,38522,7,2797
700,down_votes,1,198,24763792,20587,0,1898,38522,19,2797
701,down_votes,0,198,33732365,20587,0,1898,38522,13,2797
702,down_votes,0,198,34335316,20587,0,1898,38522,18,2797
703,down_votes,0,198,32850215,20587,0,1898,38522,17,2797
704,down_votes,1,198,34162465,20587,1,1898,38522,19,2797
705,down_votes,1,198,36920582,20587,0,1898,38522,14,2797
706,down_votes,4,198,37055352,20587,2,1898,38522,20,2797
707,down_votes,1,198,31301174,20587,-1,1898,38522,10,2797
708,down_votes,0,198,32507199,20587,0,1898,38522,16,2797
709,down_votes,2,198,31304513,20587,0,1898,38522,18,2797
710,down_votes,0,198,36846139,20587,0,1898,38522,6,2797
711,down_votes,2,198,32328862,20587,-1,1898,38522,18,2797
712,down_votes,0,198,28127067,20587,0,1898,38522,12,2797
713,down_votes,2,198,37729403,20587,0,1898,38522,15,2797
714,down_votes,1,198,33018072,20587,-1,1898,38522,19,2797
715,down_votes,0,198,31853183,20587,0,1898,38522,15,2797
734,down_votes,3,62,33274895,2216,0,451,1668069,16,1426
735,down_votes,0,62,34878976,2216,0,451,1668069,13,1426
736,down_votes,0,62,35310502,2216,0,451,1668069,7,1426
737,down_votes,2,62,21912547,2216,0,451,1668069,18,1426
738,down_votes,3,62,33955274,2216,0,451,1668069,16,1426
739,down_votes,1,62,37438348,2216,0,451,1668069,13,1426
740,down_votes,6,62,24572919,2216,0,451,1668069,16,1426
741,down_votes,2,62,34061639,2216,1,451,1668069,16,1426
742,down_votes,0,62,35911670,2216,0,451,1668069,17,1426
743,down_votes,0,62,36329740,2216,0,451,1668069,15,1426
744,down_votes,0,62,37748222,2216,0,451,1668069,11,1426
745,down_votes,1,62,34649959,2216,0,451,1668069,15,1426
746,down_votes,1,62,32888629,2216,1,451,1668069,14,1426
747,down_votes,0,62,37070013,2216,1,451,1668069,20,1426
748,down_votes,1,62,34292302,2216,0,451,1668069,16,1426
749,down_votes,1,62,36544530,2216,0,451,1668069,17,1426
760,down_votes,2,266,29386926,11258,0,1886,2541,20,3766
781,down_votes,0,205,37620701,2623,0,545,2664985,16,434
861,down_votes,1,87,35988296,599,1,511,1044533,17,123
875,down_votes,0,96,32864875,6369,0,979,67316,17,374
898,down_votes,2,92,36481424,2739,0,118,3359782,16,846
899,down_votes,2,92,28741957,2739,0,118,3359782,20,846
900,down_votes,0,92,36628652,2739,0,118,3359782,18,846
901,down_votes,0,92,33241833,2739,0,118,3359782,14,846
902,down_votes,1,623,34573995,16675,0,787,1822164,20,2758
908,down_votes,0,778,35155919,12553,2,920,789657,13,4323
936,down_votes,1,81,37709593,472,0,32,3027461,16,71
937,down_votes,0,49,33430762,7182,1,472,2613662,15,404
938,down_votes,0,49,34338113,7182,0,472,2613662,11,404
950,down_votes,0,982,33372277,45986,0,7664,13744,12,3214
974,down_votes,4,1629,36012966,263224,0,1401,507674,18,21673
994,down_votes,0,56,14520818,2915,0,369,962144,16,285
1000,down_votes,0,226,36594706,13447,0,1270,777733,19,795
1001,down_votes,0,226,32904234,13447,0,1270,777733,10,795
1002,down_votes,9,226,37746267,13447,0,1270,777733,20,795
1038,down_votes,1,187,36572155,35053,1,483,191463,12,2370
1039,down_votes,0,187,34476742,35053,0,483,191463,18,2370
1044,down_votes,0,283,37746794,13423,0,1419,39643,10,1368
1045,down_votes,0,283,37597279,13423,0,1419,39643,13,1368
1060,down_votes,0,121,33428716,4713,0,450,1076743,17,1141
1061,down_votes,0,121,15036385,4713,0,450,1076743,16,1141
1070,down_votes,4,288,15047053,18947,0,3874,156755,16,5049
1074,down_votes,0,707,35397328,68366,0,2485,102441,17,5776
1075,down_votes,2,707,35566927,68366,0,2485,102441,13,5776
1076,down_votes,0,707,35873641,68366,1,2485,102441,19,5776
1077,down_votes,0,707,36923309,68366,0,2485,102441,14,5776
1081,down_votes,0,321,28997927,685,0,38,2154163,18,154
1105,down_votes,0,1012,36282540,5537,0,1199,4631427,20,1165
1111,down_votes,0,272,30871945,52400,0,2547,16511,15,4683
1125,down_votes,1,97,25306834,26725,1,623,898289,12,1647
1137,down_votes,0,52,36471428,4881,0,1430,285190,10,456
1138,down_votes,0,52,35015334,4881,0,1430,285190,18,456
1226,down_votes,0,107,36970705,4754,-1,739,3310334,17,1256
1241,down_votes,0,571,37466249,41898,0,2195,37947,19,3435
1244,down_votes,2,758,25726485,21370,0,829,978756,18,3847
1255,down_votes,0,1440,13199838,88724,0,2323,14357,20,8090
1256,down_votes,1,1440,33375247,88724,0,2323,14357,12,8090
1266,down_votes,3,319,34888017,24812,0,1280,31667,10,2322
1267,down_votes,0,319,36572706,24812,2,1280,31667,20,2322
1268,down_votes,0,319,33771746,24812,1,1280,31667,10,2322
1270,down_votes,0,573,30827959,14571,1,2446,15371,17,1260
1271,down_votes,0,573,34655850,14571,0,2446,15371,19,1260
1272,down_votes,0,573,33067682,14571,0,2446,15371,18,1260
1298,down_votes,0,66,22075789,17545,0,637,47775,18,2526
1312,down_votes,0,399,32392834,5195,1,1560,1636276,17,629
1313,down_votes,0,399,37031505,5195,0,1560,1636276,13,629
1317,down_votes,0,317,37252735,8016,0,4614,180430,15,948
1323,down_votes,1,141,31880901,4626,0,1095,5552,12,695
1324,down_votes,0,141,27185451,4626,0,1095,5552,11,695
1333,down_votes,0,71,33632499,12492,0,494,178757,13,1220
1338,down_votes,5,148,31165184,1177,0,509,1178075,16,152
1339,down_votes,0,148,37272712,1177,1,509,1178075,12,152
1340,down_votes,2,148,36470494,1177,0,509,1178075,20,152
1341,down_votes,0,148,34227824,1177,0,509,1178075,18,152
1342,down_votes,0,148,32077293,1177,0,509,1178075,13,152
1357,down_votes,0,664,31535822,77709,0,6365,370103,18,5029
1358,down_votes,1,664,33038944,77709,0,6365,370103,15,5029
1375,down_votes,1,203,37546711,2498,-1,341,5669294,13,339
1390,down_votes,0,345,31612292,24088,0,590,1153938,10,1344
1392,down_votes,0,81,35601524,3469,0,1592,1124744,13,719
1393,down_votes,1,81,35243063,3469,0,1592,1124744,10,719
1394,down_votes,0,81,31167343,3469,0,1592,1124744,14,719
1395,down_votes,2,597,33892309,2941,0,317,1041364,20,350
1396,down_votes,0,597,37120260,2941,-1,317,1041364,14,350
1422,down_votes,1,105,30851022,3323,0,1162,287893,14,638
1423,down_votes,0,105,30854868,3323,0,1162,287893,18,638
1434,down_votes,0,273,37114988,76835,0,2898,5133585,16,4531
1435,down_votes,0,273,37769743,76835,0,2898,5133585,3,4531
1436,down_votes,0,273,37358523,76835,1,2898,5133585,20,4531
1437,down_votes,0,273,36967604,76835,1,2898,5133585,20,4531
1438,down_votes,0,273,35251997,76835,0,2898,5133585,18,4531
1439,down_votes,0,273,33181901,76835,0,2898,5133585,16,4531
1440,down_votes,0,273,37266602,76835,0,2898,5133585,12,4531
1441,down_votes,1,273,35827330,76835,1,2898,5133585,16,4531
1442,down_votes,0,273,37083918,76835,1,2898,5133585,13,4531
1452,down_votes,0,131,35531842,3328,1,265,5045227,18,569
1453,down_votes,5,131,34004091,3328,0,265,5045227,18,569
1454,down_votes,0,131,34471653,3328,0,265,5045227,15,569
1455,down_votes,0,131,37332044,3328,0,265,5045227,6,569
1456,down_votes,0,131,37735653,3328,0,265,5045227,16,569
1457,down_votes,0,131,34379636,3328,0,265,5045227,16,569
1458,down_votes,0,131,37762861,3328,0,265,5045227,6,569
1485,down_votes,0,50,36176739,20619,0,969,436028,20,2733
1486,down_votes,0,50,36691114,20619,1,969,436028,19,2733
1492,down_votes,0,70,35163431,4208,0,669,1185534,18,409
1555,down_votes,0,277,37261378,13736,1,1961,3536236,18,2198
1556,down_votes,5,277,35486603,13736,1,1961,3536236,13,2198
1557,down_votes,0,277,35875750,13736,0,1961,3536236,17,2198
1,score,4,2,30260248,617,1,81,1870509,11,87
2,score,1,2,37570053,1693,1,48,541667,16,130
6,score,1,6,23942030,875,1,609,2911232,18,220
14,score,0,1,37070309,897,1,112,1001421,16,155
22,score,0,58,35841476,2290,1,218,3697264,17,820
43,score,0,1,37762285,173,1,101,370092,18,144
44,score,1,2,23942331,737,1,29,351170,18,126
45,score,3,2,34833616,737,-1,29,351170,14,126
71,score,1,290,28070827,3335,1,370,3494639,19,290
79,score,0,10,34399618,1780,1,248,1279002,17,163
82,score,0,0,35893192,374,1,45,1464618,14,66
86,score,4,2,33255721,1435,1,60,5304324,20,51
87,score,0,6,33426480,965,1,483,69850,19,187
91,score,4,22,34422067,2957,1,160,873139,13,482
97,score,1,0,25335204,56,-1,2,3648741,19,49
101,score,0,2,33709927,2154,2,177,2006878,14,284
105,score,1,2,36922341,2154,1,177,2006878,20,284
111,score,1,3,36328567,141,1,13,2130106,15,44
112,score,2,0,34413484,295,1,27,419426,20,64
113,score,0,5,35770975,405,1,58,4026748,17,76
115,score,7,45,30323955,6140,1,714,467859,20,770
120,score,2,5,36890299,3091,1,304,3581788,20,639
125,score,1,1,36827525,319,1,22,5318061,15,39
126,score,0,16,37544056,30425,1,644,274,20,1883
129,score,0,65,37189843,810,1,119,3012508,18,126
132,score,2,4,31176502,174,1,2,4961693,20,48
136,score,0,0,32347669,104,1,55,1630136,16,40
137,score,0,0,33218309,104,1,55,1630136,7,40
141,score,0,94,37257134,108446,1,917,6068,18,10355
144,score,0,94,37093383,108446,1,917,6068,11,10355
147,score,0,94,29285164,108446,1,917,6068,17,10355
151,score,2,0,35685882,188,-1,25,1168239,17,35
159,score,0,31,28769205,2741,-2,5141,604687,16,1176
171,score,1,13,37114640,6116,2,1995,2287576,18,1551
174,score,0,0,36391808,41,2,2,6153457,17,16
181,score,1,2,30927058,989,1,29,1110224,16,241
183,score,0,0,29550529,77,1,25,1537736,19,67
187,score,2,0,37577086,74,1,0,6357705,20,16
199,score,1,0,36378797,38,-1,154,6054910,20,34
203,score,0,25,31029014,3416,3,254,386465,17,244
205,score,0,0,35598787,119,1,4,3778853,11,26
214,score,0,32,30098791,2007,-1,361,1445985,20,699
216,score,0,32,22558399,2007,1,361,1445985,18,699
218,score,0,32,37475500,2007,1,361,1445985,12,699
219,score,0,32,20472559,2007,1,361,1445985,20,699
228,score,0,48,37390645,2444,2,353,1847261,14,166
240,score,1,1,33078084,41249,1,5464,1006010,12,2506
243,score,0,9,31319847,1688,1,49,4887407,20,124
245,score,0,9,36676465,1688,1,49,4887407,14,124
246,score,0,1,37629509,335,1,90,6003691,16,69
254,score,0,28,37594513,10738,2,698,911930,16,2483
261,score,0,28,35319247,10738,1,698,911930,19,2483
263,score,0,28,37752896,10738,1,698,911930,10,2483
276,score,0,483,35343186,24592,2,1560,21061,17,2309
281,score,0,32,34654437,1678,1,234,1058739,19,582
283,score,3,32,36024661,1678,1,234,1058739,20,582
290,score,0,1,31697142,317,1,32,2325955,20,93
299,score,1,0,30328976,147,1,1,1900967,19,37
306,score,0,51,35864852,7778,-1,438,11755,18,2214
308,score,1,51,35486262,7778,-1,438,11755,15,2214
314,score,0,51,37676475,7778,1,438,11755,14,2214
319,score,0,51,35853378,7778,1,438,11755,17,2214
321,score,0,11,24261972,1656,1,389,265431,16,451
322,score,3,11,35721007,1656,1,389,265431,15,451
323,score,3,11,33942986,1656,1,389,265431,18,451
334,score,2,10,35226228,1004,-1,107,2251468,18,381
337,score,0,10,36308239,1004,1,107,2251468,17,381
338,score,0,31,37211628,3577,2,1289,1517244,18,213
343,score,0,0,36695291,139,1,66,2199898,20,42
347,score,0,0,31171036,48,1,0,5071207,19,2
351,score,2,0,37346242,91,-1,13,245456,19,3
353,score,1,0,29189897,15,-2,1,4673637,16,4
354,score,2,0,37508900,35,1,10,6396652,15,5
356,score,1,0,35430773,113,1,1,5934628,15,5
360,score,0,0,32692711,17,1,0,4083332,18,6
364,score,1,0,36843763,35,1,5,6250832,17,6
367,score,0,17,36988899,151,-1,10,3749729,12,7
369,score,1,0,36046457,20,1,46,5700339,19,7
371,score,0,0,34947386,55,1,83,3437399,19,8
373,score,1,0,28462776,39,1,3,3200125,19,9
378,score,1,0,36764905,95,1,0,1474603,20,11
382,score,1,0,29883198,139,-1,12,1432790,19,14
384,score,0,0,36367891,36,1,5,1607383,19,14
387,score,2,0,37432850,1,-1,0,3744801,16,0
395,score,4,0,29716312,3,-4,0,4804161,19,0
396,score,0,0,36870832,3,-2,0,1942851,11,1
403,score,10,0,37300886,8,-1,0,3476240,18,8
407,score,0,0,33489759,13,1,0,3317132,16,6
410,score,2,0,32551686,16,-1,1,2226978,20,27
413,score,8,0,29416967,26,1,15,3747674,17,6
415,score,0,0,34973983,31,1,0,2733145,18,9
423,score,7,0,37514177,415,2,367,4682948,19,144
424,score,0,951,33758207,6246,-1,320,630780,15,605
432,score,0,16,36363551,1683,1,96,1832464,20,177
435,score,0,15,35367961,2080,3,767,4960774,19,214
436,score,0,15,37072355,2080,1,767,4960774,10,214
438,score,6,1,34110923,146,-1,72,4958526,16,20
444,score,6,1,34909233,407,1,169,1124083,17,150
446,score,0,1,37443053,407,1,169,1124083,20,150
447,score,4,1,36488298,407,1,169,1124083,15,150
450,score,2,0,33188655,72,-1,26,4530912,19,30
452,score,0,36,28203036,10632,1,144,17440,12,662
459,score,6,29,37366234,2859,-1,498,846281,13,904
471,score,2,29,28929913,2859,1,498,846281,19,904
476,score,0,29,34198834,2859,1,498,846281,19,904
478,score,0,29,34402710,2859,1,498,846281,18,904
487,score,1,8,32417150,1288,-1,46,900659,13,451
491,score,2,0,35795018,101,2,10,4366879,19,28
492,score,0,21,37191403,559,1,200,5973797,19,109
496,score,1,549,35913125,4957,1,510,2283946,16,990
504,score,0,0,35915707,140,2,19,3233462,20,33
516,score,2,5,21902865,584,1,144,2909759,15,141
520,score,0,18,32352471,2647,1,1482,1033684,14,952
526,score,3,18,37645004,2647,1,1482,1033684,19,952
530,score,0,16,22834267,3360,1,347,1014237,16,687
531,score,0,16,35333713,3360,1,347,1014237,12,687
534,score,0,80,32971852,7286,-1,306,3042759,19,540
536,score,1,0,37764923,403,1,100,1199443,4,71
538,score,0,1,36867400,193,1,61,2572072,19,26
545,score,1,25,37012837,765,-1,75,1807486,19,148
553,score,0,13,35837533,1655,1,1817,1499072,9,299
557,score,3,697,37589992,43870,1,1000,717214,11,3529
578,score,0,0,31784035,96,1,53,4258956,18,21
583,score,0,41,31404696,2038,1,738,11801,14,355
586,score,2,461,37642104,182476,4,3899,324584,18,26310
587,score,3,1,26689297,3675,1,714,1572408,19,242
593,score,0,0,28773910,44,1,1,469266,14,23
596,score,0,7,37593273,963,2,435,2253888,16,312
602,score,6,17,26168362,1201,-1,157,2816909,16,181
603,score,11,62,30335961,8707,1,356,404568,19,933
617,score,0,0,37614273,61,-3,1,2349791,15,33
620,score,0,3,33435310,1423,-1,263,1642344,18,677
625,score,2,3,37719494,1423,-2,263,1642344,19,677
628,score,2,3,37367752,1423,1,263,1642344,17,677
635,score,2,3,35200079,1423,2,263,1642344,19,677
636,score,0,3,37225025,1423,1,263,1642344,14,677
637,score,5,6,33318250,369,1,65,3518938,18,34
644,score,1,0,36499707,1156,1,7,1203146,20,197
645,score,0,0,35951816,1156,1,7,1203146,17,197
649,score,0,29,35563832,7936,1,1068,28901,19,516
651,score,3,0,35552024,50,2,6,3032288,13,17
659,score,0,0,28761705,122,1,26,1983698,19,23
662,score,7,6,34005121,945,-1,106,598832,16,64
666,score,8,0,37305094,182,-1,45,1598452,19,100
676,score,0,0,34686600,164,1,139,25102,19,90
692,score,0,27,33358857,2026,1,181,2961662,12,254
704,score,1,198,34162465,20587,1,1898,38522,19,2797
706,score,4,198,37055352,20587,2,1898,38522,20,2797
707,score,1,198,31301174,20587,-1,1898,38522,10,2797
711,score,2,198,32328862,20587,-1,1898,38522,18,2797
714,score,1,198,33018072,20587,-1,1898,38522,19,2797
717,score,0,1,34763618,590,2,46,366336,16,56
726,score,1,1,33701758,174,1,69,2111795,11,41
741,score,2,62,34061639,2216,1,451,1668069,16,1426
746,score,1,62,32888629,2216,1,451,1668069,14,1426
747,score,0,62,37070013,2216,1,451,1668069,20,1426
750,score,0,9,36942209,304,1,95,3302584,10,94
754,score,6,0,35813179,1728,1,47,1134275,8,195
761,score,0,0,35144686,46,1,86,4408953,17,32
763,score,0,1,34947728,798,1,441,1369798,20,85
768,score,0,3,32678252,404,1,17,2999563,18,32
776,score,0,38,23717224,10273,1,611,997112,18,1477
798,score,0,0,37136257,32,1,1,3876557,17,9
805,score,0,0,37408830,68,1,8,1037992,15,10
807,score,0,0,33600109,50,-1,6,3933207,17,10
813,score,1,0,37505148,18,-2,0,5661248,17,12
815,score,2,0,31134965,211,-1,3,3428694,19,14
817,score,0,0,33834737,10,1,0,5587036,17,14
837,score,0,0,36448734,6,1,0,2608644,19,0
838,score,2,0,37663626,6,1,0,3619866,16,1
839,score,0,0,34983378,6,1,0,2950580,14,1
843,score,0,0,37690902,8,1,0,6437549,15,0
844,score,0,0,37262376,8,1,0,5186978,9,5
847,score,0,0,36528641,16,1,0,3861272,14,15
849,score,0,0,35319646,26,-1,7,3348196,17,21
850,score,1,0,35686303,26,-1,7,3348196,20,21
856,score,1,8,36705627,1674,2,398,2550349,20,170
861,score,1,87,35988296,599,1,511,1044533,17,123
863,score,1,4,34087332,2386,-1,104,1134468,15,508
867,score,3,0,33176010,88,1,24,4282323,17,14
870,score,2,0,36106054,88,1,24,4282323,20,14
872,score,2,12,35775545,5214,1,221,17194,12,420
874,score,5,0,37622335,104,-1,32,5224239,17,26
876,score,4,1,37744866,456,-1,70,3779507,15,182
884,score,0,4,35106627,20009,1,57,275501,20,326
888,score,0,47,20571259,5131,1,464,546060,9,531
897,score,1,5,31648388,1098,1,260,1278201,17,185
905,score,1,4,37681540,459,1,65,1972453,15,46
908,score,0,778,35155919,12553,2,920,789657,13,4323
916,score,2,20,30734309,3633,1,445,827081,13,183
918,score,0,20,33352351,3633,1,445,827081,18,183
920,score,0,0,36201386,1647,1,250,1344228,15,321
922,score,0,0,36429044,1647,1,250,1344228,13,321
925,score,1,0,35742487,1647,-1,250,1344228,20,321
929,score,2,0,36128580,1647,1,250,1344228,17,321
937,score,0,49,33430762,7182,1,472,2613662,15,404
945,score,0,25,36869970,4008,1,1889,1037617,19,1796
952,score,10,2,37482402,1579,1,1081,1700106,16,178
973,score,0,17,35454276,1749,1,161,63286,15,384
977,score,3,0,33723611,97,1,27,5558115,17,49
979,score,0,2,37005477,777,1,170,285549,13,122
983,score,0,0,26832085,95,1,32,4182876,19,46
1008,score,2,0,37121652,44,-1,9,4332108,18,14
1015,score,5,3,37003440,196,1,3,3009613,20,110
1018,score,1,3,37205770,196,-1,3,3009613,16,110
1024,score,0,0,36676858,68,1,7,2761316,11,25
1032,score,7,16,37499742,6469,1,445,1019952,17,677
1035,score,0,2,37118671,355,1,106,1033624,18,15
1036,score,0,2,37197259,355,1,106,1033624,11,15
1037,score,0,10,14647091,5988,1,633,398939,16,662
1038,score,1,187,36572155,35053,1,483,191463,12,2370
1057,score,0,15,37545896,1818,1,122,547239,11,275
1063,score,2,0,32227672,165,1,8,3545704,19,31
1072,score,2,0,37073281,2310,2,600,694659,15,531
1073,score,0,0,27462812,139,1,4,1531175,11,30
1076,score,0,707,35873641,68366,1,2485,102441,19,5776
1082,score,0,12,35307030,5616,1,567,3894430,19,164
1083,score,0,12,37240492,5616,-1,567,3894430,19,164
1090,score,0,0,34203629,102,1,18,3582842,18,69
1091,score,0,24,30211868,3009,1,202,2000012,16,408
1095,score,0,0,37254356,120,1,4,1339312,15,21
1096,score,0,0,35458496,988,1,34,1526032,18,146
1100,score,3,0,37263249,122,-1,22,2669997,16,68
1110,score,0,0,31943255,124,1,32,4870016,18,18
1114,score,2,18,32074632,17783,1,1862,509706,19,1388
1115,score,4,3,32288752,1117,1,253,2245934,17,219
1117,score,0,0,37155528,103,1,47,2215586,11,38
1125,score,1,97,25306834,26725,1,623,898289,12,1647
1127,score,0,0,36837400,403,3,2,3625467,17,20
1131,score,1,0,35843064,243,1,9,2160064,11,37
1133,score,0,19,33678023,1234,1,68,1718543,19,507
1145,score,0,0,21838977,537,1,35,1246086,18,84
1148,score,0,3,33824330,3855,-1,336,1650337,18,404
1152,score,3,11,32661087,16473,-1,1262,683553,19,1586
1156,score,0,6,35877018,147,-1,22,5255941,17,25
1163,score,0,0,33882330,19,1,0,4867351,10,5
1165,score,0,0,37681799,55,-1,11,3851159,16,7
1179,score,0,0,33230454,65,1,6,5336859,18,11
1183,score,0,0,37429051,48,1,7,3764923,17,13
1198,score,0,0,35254413,3,-3,0,3780246,18,1
1200,score,0,0,37390252,3,-1,0,6370885,9,3
1206,score,0,0,37151177,6,1,0,4012263,15,8
1208,score,0,0,37035962,8,1,0,6292396,20,1
1209,score,0,0,27179460,8,2,2,3494125,19,2
1211,score,2,0,37769300,11,-2,0,6454754,15,4
1221,score,2,0,30048854,21,1,2,2711360,13,10
1226,score,0,107,36970705,4754,-1,739,3310334,17,1256
1227,score,4,0,26663431,171,-1,28,2126810,16,112
1235,score,0,19,34472733,7164,1,431,1596371,19,335
1236,score,0,19,36988426,7164,1,431,1596371,17,335
1238,score,0,7,37753116,474,1,491,3203792,13,74
1247,score,0,0,32906710,243,1,32,2272355,5,60
1250,score,0,0,37745795,243,1,32,2272355,15,60
1258,score,0,20,23653190,17320,1,3275,2120261,20,816
1259,score,0,2,33734524,2503,1,3826,5110870,18,547
1261,score,0,2,33953882,2503,1,3826,5110870,19,547
1267,score,0,319,36572706,24812,2,1280,31667,20,2322
1268,score,0,319,33771746,24812,1,1280,31667,10,2322
1270,score,0,573,30827959,14571,1,2446,15371,17,1260
1275,score,0,1,33993680,620,-2,25,1872530,17,61
1277,score,0,5,37576770,2494,2,216,3217306,18,213
1278,score,4,5,33520523,2494,-1,216,3217306,20,213
1281,score,0,4,33754832,2525,1,1170,199111,16,116
1288,score,0,19,21574826,887,1,363,26201,15,181
1289,score,0,11,35485275,1428,1,358,1369663,17,105
1295,score,0,5,32800957,2502,1,58,657676,20,250
1296,score,0,5,35672848,2502,1,58,657676,19,250
1305,score,0,6,37215491,416,3,67,4736261,20,142
1306,score,0,2,36935599,528,1,218,4592852,14,96
1311,score,1,0,37241415,424,-1,8,3464127,20,37
1312,score,0,399,32392834,5195,1,1560,1636276,17,629
1331,score,0,8,28615379,4028,-1,146,1325133,19,551
1337,score,2,1,37752299,329,-1,28,1245257,18,42
1339,score,0,148,37272712,1177,1,509,1178075,12,152
1359,score,3,0,37690793,82,-1,12,2422218,17,39
1365,score,0,41,37185140,4882,1,646,271907,18,982
1367,score,0,41,17422598,4882,1,646,271907,16,982
1368,score,0,41,37394624,4882,1,646,271907,12,982
1371,score,0,1,31307151,608,1,38,2907645,17,137
1375,score,1,203,37546711,2498,-1,341,5669294,13,339
1382,score,0,6,37542021,1844,1,313,4174195,17,374
1396,score,0,597,37120260,2941,-1,317,1041364,14,350
1401,score,1,0,33366653,3132,1,56,97925,18,352
1402,score,4,0,35557292,3132,1,56,97925,17,352
1411,score,1,3,37227165,627,1,89,1182608,20,170
1412,score,0,3,36981248,627,1,89,1182608,18,170
1419,score,0,8,33720490,174,-1,26,1421884,20,56
1425,score,3,9,37054613,2398,-2,60,301593,20,217
1430,score,3,1,37549204,2784,1,294,4675736,16,1017
1436,score,0,273,37358523,76835,1,2898,5133585,20,4531
1437,score,0,273,36967604,76835,1,2898,5133585,20,4531
1441,score,1,273,35827330,76835,1,2898,5133585,16,4531
1442,score,0,273,37083918,76835,1,2898,5133585,13,4531
1443,score,3,1,32698335,304,1,34,2135219,17,136
1450,score,0,7,31640105,574,1,11,1584074,19,36
1451,score,0,6,37252377,2511,2,476,2656101,19,190
1452,score,0,131,35531842,3328,1,265,5045227,18,569
1462,score,0,4,33830976,806,1,172,2211491,19,179
1464,score,0,1,33571614,608,-1,75,2810014,17,126
1469,score,2,11,34974552,640,-1,182,701867,16,91
1473,score,2,0,36530625,224,-2,26,5036005,14,32
1474,score,0,0,37301067,224,1,26,5036005,11,32
1479,score,4,12,36741987,3405,1,88,296346,20,199
1486,score,0,50,36691114,20619,1,969,436028,19,2733
1493,score,0,1,28281879,214,1,269,2058450,20,45
1494,score,1,1,33722628,214,1,269,2058450,20,45
1498,score,0,0,37648251,146,1,10,3374382,19,26
1503,score,0,0,37136021,469,1,2,228674,18,144
1509,score,1,8,36358997,872,1,70,5246735,14,263
1510,score,0,8,36329853,872,1,70,5246735,20,263
1514,score,2,8,37596969,872,1,70,5246735,17,263
1518,score,0,8,37770495,872,1,70,5246735,10,263
1520,score,0,8,31909647,474,-1,241,946923,20,326
1525,score,0,14,27197584,1293,-1,698,1197723,20,133
1531,score,0,0,37452857,72,1,3,2996198,16,36
1537,score,0,0,32363040,1136,2,106,726150,13,319
1538,score,0,8,37378752,325,2,14,6133746,16,15
1543,score,0,0,36622354,37,1,33,5937637,13,22
1547,score,0,46,36445618,39628,1,1494,11898,17,2328
1548,score,0,46,26648659,39628,1,1494,11898,16,2328
1549,score,0,1,37075759,483,1,31,421039,19,93
1551,score,1,17,31429120,4858,-1,240,32027,19,432
1555,score,0,277,37261378,13736,1,1961,3536236,18,2198
1556,score,5,277,35486603,13736,1,1961,3536236,13,2198
1563,score,0,19,36681433,504,1,36,2450935,18,142
1566,score,2,4,33289533,2905,-1,251,1341935,20,207
1573,score,0,18,34696194,8173,1,59,1320129,17,1296
1580,score,0,0,36668966,123,-1,30,5008872,18,49
1583,score,0,0,37478500,15,2,0,2696562,20,1
1584,score,0,0,32611955,15,1,0,5342829,17,1
1589,score,4,0,37667739,28,-7,3,6118448,14,5
1598,score,1,0,29451303,94,1,0,675647,18,9
1607,score,0,0,35481356,112,1,7,1579091,19,14
1625,score,0,0,33695231,6,1,0,5559202,19,0
1626,score,0,0,23111791,6,1,0,3541517,20,3
1628,score,0,0,36780983,8,1,0,2841267,10,18
1629,score,3,0,37537917,8,-2,0,6401594,20,2
1632,score,3,0,30803726,13,-5,1,1567070,13,16
1634,score,0,0,33506605,13,1,0,5521462,16,1
846,view_count,0,0,37531244,16,0,0,3861272,3,15
1130,view_count,0,1,37765795,927,0,411,1843329,3,154
1435,view_count,0,273,37769743,76835,0,2898,5133585,3,4531
1,comment_count,4,2,30260248,617,1,81,1870509,11,87
5,comment_count,3,0,14402646,2278,0,0,538847,18,234
10,comment_count,3,0,36386369,33,0,5,6084936,16,34
20,comment_count,3,58,33786244,2290,0,218,3697264,20,820
34,comment_count,5,1,33149408,756,0,73,1970448,20,94
42,comment_count,6,1,37756055,173,0,101,370092,16,144
45,comment_count,3,2,34833616,737,-1,29,351170,14,126
66,comment_count,4,0,20188542,61,0,27,1486242,20,15
83,comment_count,6,0,35871542,374,0,45,1464618,18,66
86,comment_count,4,2,33255721,1435,1,60,5304324,20,51
89,comment_count,6,28,36629639,5549,0,58,1967601,18,120
91,comment_count,4,22,34422067,2957,1,160,873139,13,482
92,comment_count,4,22,18603007,2957,0,160,873139,18,482
102,comment_count,3,2,25851873,2154,0,177,2006878,20,284
115,comment_count,7,45,30323955,6140,1,714,467859,20,770
121,comment_count,3,5,35345620,3091,0,304,3581788,15,639
122,comment_count,3,5,35684067,3091,0,304,3581788,19,639
158,comment_count,3,0,25267915,120,0,14,3395049,20,102
160,comment_count,4,13,37622851,6116,0,1995,2287576,18,1551
161,comment_count,3,13,36179316,6116,0,1995,2287576,13,1551
162,comment_count,3,13,37163849,6116,0,1995,2287576,20,1551
166,comment_count,4,13,36086537,6116,0,1995,2287576,19,1551
169,comment_count,3,13,36061045,6116,0,1995,2287576,19,1551
180,comment_count,3,21,36699401,592,0,51,1527537,18,83
185,comment_count,5,0,29296556,1903,0,56,356582,15,142
188,comment_count,5,0,37467363,74,0,0,6357705,17,16
191,comment_count,15,0,35712168,2751,0,407,2038271,16,460
192,comment_count,3,0,27946170,2751,0,407,2038271,19,460
194,comment_count,4,1,37746444,835,0,47,2419954,20,51
204,comment_count,3,0,33397877,119,0,4,3778853,20,26
212,comment_count,4,32,33280247,2007,0,361,1445985,17,699
213,comment_count,7,32,32778606,2007,0,361,1445985,16,699
217,comment_count,3,32,34384356,2007,0,361,1445985,17,699
222,comment_count,3,0,36771193,183,0,28,1421982,18,23
250,comment_count,4,0,33195455,176,0,33,859141,14,84
275,comment_count,3,483,27375605,24592,0,1560,21061,19,2309
279,comment_count,6,32,34192158,1678,0,234,1058739,16,582
282,comment_count,5,32,37462184,1678,0,234,1058739,18,582
283,comment_count,3,32,36024661,1678,1,234,1058739,20,582
293,comment_count,7,16,27347779,745,0,31,4129151,16,69
320,comment_count,3,51,37597066,7778,0,438,11755,16,2214
322,comment_count,3,11,35721007,1656,1,389,265431,15,451
323,comment_count,3,11,33942986,1656,1,389,265431,18,451
328,comment_count,4,4010,37591016,4642,0,300,3270037,15,1516
342,comment_count,5,0,37210568,139,0,66,2199898,9,42
345,comment_count,3,0,30645058,27,0,2,1542051,20,1
376,comment_count,4,0,37615811,135,0,61,5873521,11,10
380,comment_count,3,0,23175988,41,0,0,3054080,17,13
381,comment_count,3,0,35563172,139,0,12,1432790,20,14
395,comment_count,4,0,29716312,3,-4,0,4804161,19,0
398,comment_count,7,0,31665023,3,0,0,5058721,17,4
400,comment_count,5,0,37487307,6,0,0,6337354,16,7
403,comment_count,10,0,37300886,8,-1,0,3476240,18,8
404,comment_count,5,0,36719246,11,0,0,3484026,13,15
405,comment_count,3,0,37595415,11,0,0,3708840,19,1
413,comment_count,8,0,29416967,26,1,15,3747674,17,6
423,comment_count,7,0,37514177,415,2,367,4682948,19,144
430,comment_count,4,46,35703233,1072,0,515,2144796,17,283
431,comment_count,10,0,32974547,160,0,62,3482098,20,26
438,comment_count,6,1,34110923,146,-1,72,4958526,16,20
444,comment_count,6,1,34909233,407,1,169,1124083,17,150
447,comment_count,4,1,36488298,407,1,169,1124083,15,150
453,comment_count,4,1,28453177,440,0,28,2820238,15,83
456,comment_count,3,0,36991120,46,0,13,3930191,14,43
459,comment_count,6,29,37366234,2859,-1,498,846281,13,904
461,comment_count,4,29,36553552,2859,0,498,846281,17,904
465,comment_count,4,29,34693282,2859,0,498,846281,20,904
466,comment_count,6,29,37274543,2859,0,498,846281,18,904
468,comment_count,6,29,24715013,2859,0,498,846281,19,904
474,comment_count,3,29,37435019,2859,0,498,846281,20,904
477,comment_count,4,29,24732401,2859,0,498,846281,17,904
480,comment_count,4,2,31473107,2910,0,424,660896,17,254
485,comment_count,5,72,35300221,6170,0,1901,2038544,19,475
495,comment_count,4,0,37212237,42,0,1,3457558,17,24
514,comment_count,3,0,32571034,57,0,39,2946932,20,24
515,comment_count,5,0,36794866,483,0,8,4717141,19,28
518,comment_count,3,0,34751463,887,0,1280,3922262,14,95
525,comment_count,3,18,35964032,2647,0,1482,1033684,13,952
526,comment_count,3,18,37645004,2647,1,1482,1033684,19,952
533,comment_count,10,80,33203660,7286,0,306,3042759,14,540
541,comment_count,4,0,12991435,138,0,74,340225,19,82
548,comment_count,3,70,37613295,1720,0,200,2762432,12,151
551,comment_count,6,3,36718577,262,0,233,875393,18,51
554,comment_count,6,13,36560530,1655,0,1817,1499072,18,299
556,comment_count,4,8,34294616,2712,0,242,653292,16,326
557,comment_count,3,697,37589992,43870,1,1000,717214,11,3529
560,comment_count,4,0,36720959,109,0,10,1171010,16,26
576,comment_count,4,0,34035791,455,0,45,531341,17,210
580,comment_count,3,0,32184709,96,0,53,4258956,16,21
587,comment_count,3,1,26689297,3675,1,714,1572408,19,242
589,comment_count,4,0,37342263,476,0,56,5552153,13,94
602,comment_count,6,17,26168362,1201,-1,157,2816909,16,181
603,comment_count,11,62,30335961,8707,1,356,404568,19,933
609,comment_count,3,0,35413308,75,0,20,952827,19,31
619,comment_count,6,55,20458662,3121,0,1562,2413722,19,280
637,comment_count,5,6,33318250,369,1,65,3518938,18,34
651,comment_count,3,0,35552024,50,2,6,3032288,13,17
655,comment_count,7,43,33904826,4917,0,1742,400691,15,611
657,comment_count,3,5,32904121,1129,0,263,1050179,19,228
662,comment_count,7,6,34005121,945,-1,106,598832,16,64
665,comment_count,4,0,37137433,144,0,21,2529106,12,35
666,comment_count,8,0,37305094,182,-1,45,1598452,19,100
667,comment_count,5,52,36064174,578,0,79,5922441,19,75
669,comment_count,3,18,34651536,2878,0,1467,1446086,20,203
677,comment_count,3,0,37594306,23,0,0,6252284,19,15
680,comment_count,8,21,32373416,2586,0,76,1587951,12,190
682,comment_count,4,1,22097742,3913,0,61,1081325,16,220
706,comment_count,4,198,37055352,20587,2,1898,38522,20,2797
724,comment_count,4,24,33656213,3869,0,1370,2422230,17,250
731,comment_count,6,3,32036930,409,0,83,3070181,18,151
733,comment_count,6,17,36742937,969,0,56,4754758,11,89
734,comment_count,3,62,33274895,2216,0,451,1668069,16,1426
738,comment_count,3,62,33955274,2216,0,451,1668069,16,1426
740,comment_count,6,62,24572919,2216,0,451,1668069,16,1426
754,comment_count,6,0,35813179,1728,1,47,1134275,8,195
764,comment_count,6,25,33156241,578,0,57,2420976,18,142
777,comment_count,6,38,37579834,10273,0,611,997112,15,1477
786,comment_count,3,0,37206124,20,0,0,6329627,17,5
791,comment_count,3,0,37751594,27,0,4,1382366,9,7
796,comment_count,5,0,35526603,49,0,184,5127350,19,9
840,comment_count,6,0,37159510,6,0,0,3346069,20,3
853,comment_count,3,0,37223575,31,0,40,5319918,17,14
867,comment_count,3,0,33176010,88,1,24,4282323,17,14
868,comment_count,3,0,29831458,88,0,24,4282323,19,14
874,comment_count,5,0,37622335,104,-1,32,5224239,17,26
876,comment_count,4,1,37744866,456,-1,70,3779507,15,182
879,comment_count,7,11,32927792,2427,0,651,369313,20,502
892,comment_count,3,20,35086108,3811,0,1476,389828,19,374
893,comment_count,4,10,35640835,441,0,22,2908971,14,67
906,comment_count,5,0,27485003,131,0,100,2946386,18,66
909,comment_count,3,0,27809370,147,0,14,1261079,18,38
915,comment_count,3,5,36087502,644,0,26,1003009,16,119
923,comment_count,4,0,36652736,1647,0,250,1344228,19,321
926,comment_count,5,0,37722608,1647,0,250,1344228,15,321
932,comment_count,4,0,37256590,1647,0,250,1344228,14,321
933,comment_count,4,0,36480588,58,0,6,2420913,15,19
940,comment_count,4,0,36914123,72,0,12,3812866,16,34
942,comment_count,3,0,24025060,43,0,17,3675617,17,22
952,comment_count,10,2,37482402,1579,1,1081,1700106,16,178
961,comment_count,6,19,37357354,1367,0,40,3140646,12,152
962,comment_count,3,19,37515057,1367,0,40,3140646,18,152
965,comment_count,8,19,36343773,1367,0,40,3140646,11,152
969,comment_count,3,27,26692520,5486,0,109,3562271,18,297
974,comment_count,4,1629,36012966,263224,0,1401,507674,18,21673
975,comment_count,4,0,35439253,318,0,42,1636199,17,72
977,comment_count,3,0,33723611,97,1,27,5558115,17,49
978,comment_count,5,0,33750601,97,0,27,5558115,17,49
987,comment_count,4,0,34078066,65,0,22,4916173,12,43
998,comment_count,5,18,34121360,2666,0,14,3195915,15,84
1002,comment_count,9,226,37746267,13447,0,1270,777733,20,795
1006,comment_count,4,9,35951221,5821,0,186,2957677,18,374
1015,comment_count,5,3,37003440,196,1,3,3009613,20,110
1026,comment_count,3,3,34120041,485,0,35,1483434,17,73
1032,comment_count,7,16,37499742,6469,1,445,1019952,17,677
1053,comment_count,7,7,23322532,1342,0,114,2840178,19,381
1066,comment_count,4,0,34843079,30,0,1,3449597,19,23
1070,comment_count,4,288,15047053,18947,0,3874,156755,16,5049
1088,comment_count,7,0,34486354,102,0,18,3582842,15,69
1100,comment_count,3,0,37263249,122,-1,22,2669997,16,68
1108,comment_count,3,0,37133337,176,0,22,1233535,18,88
1112,comment_count,5,2,28294230,2842,0,86,3677259,15,227
1115,comment_count,4,3,32288752,1117,1,253,2245934,17,219
1122,comment_count,3,6,36205180,697,0,211,4543112,15,91
1123,comment_count,4,6,35351822,697,0,211,4543112,14,91
1139,comment_count,3,1,28411641,1928,0,1224,463978,20,164
1143,comment_count,3,0,36481766,49,0,285,6148373,16,18
1146,comment_count,3,0,34638858,537,0,35,1246086,17,84
1152,comment_count,3,11,32661087,16473,-1,1262,683553,19,1586
1155,comment_count,3,19,35920077,1460,0,310,218208,18,428
1168,comment_count,8,0,35987581,147,0,33,1551819,17,9
1170,comment_count,3,0,31418388,44,0,11,4114861,11,9
1174,comment_count,4,0,26620028,57,0,19,3214863,20,10
1175,comment_count,3,0,37225928,67,0,23,959127,20,11
1176,comment_count,3,0,25952024,30,0,9,3879560,14,11
1203,comment_count,3,0,35431715,6,0,0,2799176,20,1
1204,comment_count,10,0,34275641,6,0,0,5679437,19,4
1214,comment_count,9,0,36695604,11,0,0,4556923,20,12
1220,comment_count,3,0,37619648,21,0,6,5979431,9,2
1227,comment_count,4,0,26663431,171,-1,28,2126810,16,112
1228,comment_count,4,0,37631287,52,0,21,6396951,17,23
1251,comment_count,3,0,36094171,243,0,32,2272355,20,60
1260,comment_count,4,2,36456818,2503,0,3826,5110870,18,547
1265,comment_count,4,0,15003058,191,0,35,2053929,20,55
1266,comment_count,3,319,34888017,24812,0,1280,31667,10,2322
1278,comment_count,4,5,33520523,2494,-1,216,3217306,20,213
1282,comment_count,4,1,36581912,867,0,33,4177694,14,21
1326,comment_count,4,21,37764847,6940,0,1198,499699,9,615
1338,comment_count,5,148,31165184,1177,0,509,1178075,16,152
1343,comment_count,3,0,31916913,56,0,22,3745015,20,23
1350,comment_count,4,7,30139905,493,0,58,3859951,15,92
1354,comment_count,3,1,36152790,176,0,23,2046646,16,47
1355,comment_count,5,1,25962821,176,0,23,2046646,19,47
1359,comment_count,3,0,37690793,82,-1,12,2422218,17,39
1370,comment_count,4,1,31621544,608,0,38,2907645,20,137
1379,comment_count,8,6,33368053,1844,0,313,4174195,13,374
1381,comment_count,3,6,36473015,1844,0,313,4174195,18,374
1386,comment_count,3,6,36544611,1844,0,313,4174195,16,374
1387,comment_count,4,9,36383540,8830,0,369,26107,17,798
1402,comment_count,4,0,35557292,3132,1,56,97925,17,352
1407,comment_count,3,0,33443720,316,0,40,4905093,13,31
1408,comment_count,4,0,37742555,568,0,12,3291266,17,176
1425,comment_count,3,9,37054613,2398,-2,60,301593,20,217
1430,comment_count,3,1,37549204,2784,1,294,4675736,16,1017
1443,comment_count,3,1,32698335,304,1,34,2135219,17,136
1446,comment_count,7,0,37307261,369,0,101,985197,20,136
1453,comment_count,5,131,34004091,3328,0,265,5045227,18,569
1470,comment_count,3,9,30007581,498,0,222,3033149,14,109
1479,comment_count,4,12,36741987,3405,1,88,296346,20,199
1482,comment_count,4,0,32728760,62,0,4,1600900,8,46
1489,comment_count,3,0,37264605,604,0,16,1284680,12,75
1496,comment_count,7,6,33922987,22418,0,401,478144,20,2916
1499,comment_count,6,0,36503270,146,0,10,3374382,16,26
1504,comment_count,4,0,35893828,469,0,2,228674,20,144
1506,comment_count,3,8,36858711,872,0,70,5246735,19,263
1511,comment_count,5,8,37751673,872,0,70,5246735,12,263
1536,comment_count,4,12,35920341,1424,0,29,5545882,17,350
1539,comment_count,3,0,35813010,47,0,7,1783194,20,29
1556,comment_count,5,277,35486603,13736,1,1961,3536236,13,2198
1558,comment_count,3,19,25444176,504,0,36,2450935,19,142
1559,comment_count,3,19,37395381,504,0,36,2450935,16,142
1561,comment_count,3,19,34316783,504,0,36,2450935,20,142
1565,comment_count,3,0,26663800,139,0,35,2635961,19,43
1569,comment_count,4,18,23539106,8173,0,59,1320129,18,1296
1581,comment_count,4,0,36750588,123,0,30,5008872,16,49
1585,comment_count,3,0,25512987,5,0,0,3882648,14,4
1589,comment_count,4,0,37667739,28,-7,3,6118448,14,5
1596,comment_count,4,0,36678104,33,0,1,1520670,20,8
1615,comment_count,3,0,37727799,1,0,0,6445621,14,1
1617,comment_count,3,0,37348997,1,0,0,6361547,19,1
1629,comment_count,3,0,37537917,8,-2,0,6401594,20,2
1632,comment_count,3,0,30803726,13,-5,1,1567070,13,16
1633,comment_count,3,0,36955988,13,0,0,1598040,9,19
1635,comment_count,5,0,31447980,16,0,0,5122361,15,2
